Наименование,Адрес,Город,2GIS URL
СберБанк,"улица Шолом-Алейхема, 5",Биробиджан,https://2gis.com/firm/70000001027475000
СберБанк,"улица Шолом-Алейхема, 16",Биробиджан,https://2gis.com/firm/70000001023048693
СберБанк,"Пионерская улица, 92",Биробиджан,https://2gis.com/firm/70000001033273704
СберСпасибо,,Биробиджан,https://2gis.com/firm/70000001069351800
СберБанк,"Пионерская улица, 12/1",Благовещенск,https://2gis.com/firm/7318877675461444
СберБанк,"Игнатьевское шоссе, 13",Благовещенск,https://2gis.com/firm/70000001006428984
СберБанк,"50 лет Октября улица, 26",Благовещенск,https://2gis.com/firm/70000001006428969
СберБанк,"улица Ленина, 74",Благовещенск,https://2gis.com/firm/7318877675579430
СберБанк,"улица Ломоносова, 223",Благовещенск,https://2gis.com/firm/7318877675461277
СберБанк,"Кольцевая улица, 34",Благовещенск,https://2gis.com/firm/7318877675461445
СберБанк,"Северная улица, 59",Благовещенск,https://2gis.com/firm/7318877675461453
СберПервый,"улица Ленина, 115",Благовещенск,https://2gis.com/firm/70000001082457434
СберБанк,"улица Калинина, 140",Благовещенск,https://2gis.com/firm/7318877675461452
СберБанк,"улица Ленина, 193",Благовещенск,https://2gis.com/firm/7318878675968975
СберБанк,"улица Литер, 1",Благовещенск,https://2gis.com/firm/7318877675461448
СберБанк,"Партизанская улица, 57",,https://2gis.com/firm/70000001030195127
СберБанк,"улица Ленина, 8",,https://2gis.com/firm/70000001030195151
СберБанк,"улица Герки Рулева, 16",,https://2gis.com/firm/70000001030195140
СберБанк,"Пионерская улица, 12/1",Благовещенск,https://2gis.com/firm/7318877675511947
СберБанк,"Игнатьевское шоссе, 13",Благовещенск,https://2gis.com/firm/70000001023135328
СберБанк,"улица Ленина, 189",Благовещенск,https://2gis.com/firm/70000001044850668
СберБанк,"Студенческая улица, 33",Благовещенск,https://2gis.com/firm/70000001048925321
СберБанк,"Зейская улица, 135",Благовещенск,https://2gis.com/firm/70000001101408777
СберБанк,"Юбилейная улица, 9",,https://2gis.com/firm/70000001030193775
СберБанк,"улица Ленина, 55",Белогорск,https://2gis.com/firm/70000001040617201
СберБанк,"Калининская улица, 68",,https://2gis.com/firm/70000001030194083
СберБанк,"улица Ленина, 79",Свободный,https://2gis.com/firm/70000001035861160
СберБанк,"проспект Ленина, 12",,https://2gis.com/firm/70000001043748794
СберБанк,"улица Горького, 14",,https://2gis.com/firm/70000001030194397
СберБанк,"улица Ленина, 59",Свободный,https://2gis.com/firm/70000001035860861
СберБанк,"Океанский проспект, 110а",Владивосток,https://2gis.com/firm/3518965489900164
СберБанк,"Луговая улица, 18",Владивосток,https://2gis.com/firm/3518966490482117
СберБанк,"Луговая улица, 69",Владивосток,https://2gis.com/firm/3518965489862908
СберБанк,"Русская улица, 59/2",Владивосток,https://2gis.com/firm/70000001046164044
СберБанк,"проспект 100-летия Владивостока, 52в",Владивосток,https://2gis.com/firm/3518965490199312
СберБанк,"Океанский проспект, 18",Владивосток,https://2gis.com/firm/3518965489960031
СберБанк,"проспект Красного Знамени, 59",Владивосток,https://2gis.com/firm/3518965490199314
СберБанк,"улица Борисенко, 16",Владивосток,https://2gis.com/firm/3518966490143394
СберБанк,"Светланская улица, 143",Владивосток,https://2gis.com/firm/3518965489990296
СберБанк,"Черёмуховая улица, 7",Владивосток,https://2gis.com/firm/3518965489862923
СберБанк,"Русская улица, 16",Владивосток,https://2gis.com/firm/3518966490436836
СберБанк,"улица Мордовцева, 3",Владивосток,https://2gis.com/firm/3518966490320938
СберБанк,"улица Калинина, 277",Владивосток,https://2gis.com/firm/3518965490199460
СберБанк,"улица Анны Щетининой, 21",Владивосток,https://2gis.com/firm/70000001006390830
СберБанк,"Сахалинская улица, 44",Владивосток,https://2gis.com/firm/70000001046451638
СберБанк,"улица Тухачевского, 53",Владивосток,https://2gis.com/firm/3518966490143395
СберБанк,"улица Нейбута, 53а",Владивосток,https://2gis.com/firm/3518965489862910
СберБанк,"Посьетская улица, 14",Владивосток,https://2gis.com/firm/3518965489862913
СберПервый,"улица Прапорщика Комарова, 11Б",Владивосток,https://2gis.com/firm/70000001028405996
СберБанк,"Фонтанная улица, 18",Владивосток,https://2gis.com/firm/3518965490135370
СберБанк,"посёлок Аякс, 10 к A",,https://2gis.com/firm/70000001026611434
СберБанк,"улица Лермонтова, 75",,https://2gis.com/firm/3518965489864834
СберБанк,"улица Осипенко, 1а",,https://2gis.com/firm/3518966489898288
СберБанк,"улица Пушкина, 43",,https://2gis.com/firm/3518965490007413
СберБанк,"улица Фрунзе, 49/1",Артем,https://2gis.com/firm/3518965489903317
СберБанк,"улица Восточная Слобода, 1",,https://2gis.com/firm/70000001032290608
СберБанк,"улица Кирова, 14а",Артем,https://2gis.com/firm/3518966490477361
СберБанк,"улица Кирова, 74/2",Артем,https://2gis.com/firm/3518965489932910
СберБанк,"улица Котовского, 1а",,https://2gis.com/firm/70000001043907314
СберБанк,"улица Ленина, 15/1",Артем,https://2gis.com/firm/3518965489903319
СберБанк,"улица Карла Маркса, 39",Большой Камень,https://2gis.com/firm/70000001045703712
СберБанк,"Клубная улица, 15а",Фокино,https://2gis.com/firm/70000001044094747
СберБанк,"Южная улица, 55",Большой Камень,https://2gis.com/firm/70000001083461848
СберБанк,"улица 50 лет Октября, 8",,https://2gis.com/firm/70000001045703767
СберБанк,"Советская улица, 45а",,https://2gis.com/firm/70000001045704726
СберБанк,"Морская улица, 5",,https://2gis.com/firm/70000001045693951
СберБанк,"Школьный переулок, 26",,https://2gis.com/firm/70000001044097036
СберБанк,"Ленинская улица, 56",,https://2gis.com/firm/70000001044095934
СберБанк,"улица Замараева, 3",Партизанск,https://2gis.com/firm/70000001046432662
СберБанк,"Строительная улица, 24",,https://2gis.com/firm/70000001044095143
СберБанк,"улица Карла Маркса, 91",,https://2gis.com/firm/70000001030194521
СберБанк,"проспект Мира, 25",Комсомольск-на-Амуре,https://2gis.com/firm/13229853186601956
СберБанк,"улица Аллея Труда, 57 к8",Комсомольск-на-Амуре,https://2gis.com/firm/13229852186381572
СберБанк,"проспект Ленина, 60",Комсомольск-на-Амуре,https://2gis.com/firm/13229853186607268
СберБанк,"проспект Победы, 59",Комсомольск-на-Амуре,https://2gis.com/firm/13229853186947998
СберБанк,"улица Дикопольцева, 33",Комсомольск-на-Амуре,https://2gis.com/firm/13229853186607254
СберБанк,"проспект Ленина, 13",Комсомольск-на-Амуре,https://2gis.com/firm/13229853186592711
СберБанк,"Гайдара, 24",,https://2gis.com/firm/70000001020992354
СберБанк,"проспект Победы, 21",Амурск,https://2gis.com/firm/70000001109591027
СберБанк,"улица Геологов, 20а",,https://2gis.com/firm/70000001030193763
СберБанк,"проспект Ленина, 60",Комсомольск-на-Амуре,https://2gis.com/firm/13229853186606226
СберБанк,"проспект Первостроителей, 19",Комсомольск-на-Амуре,https://2gis.com/firm/70000001098556950
СберБанк,"проспект Мира, 37",Комсомольск-на-Амуре,https://2gis.com/firm/70000001034619262
СберБанк,"проспект Мира, 25",Комсомольск-на-Амуре,https://2gis.com/firm/13229853186606244
СберБанк,"улица Аллея Труда, 57",Комсомольск-на-Амуре,https://2gis.com/firm/70000001084542414
СберБанк,"проспект Победы, 59",Комсомольск-на-Амуре,https://2gis.com/firm/13229852186381351
СберБанк,"проспект Ленина, 10",Комсомольск-на-Амуре,https://2gis.com/firm/70000001105817237
СберБанк,"Вокзальная улица, 38/1",Комсомольск-на-Амуре,https://2gis.com/firm/70000001102683675
СберБанк,"улица Дикопольцева, 33",Комсомольск-на-Амуре,https://2gis.com/firm/13229853186610428
СберБанк,"проспект Ленина, 13",Комсомольск-на-Амуре,https://2gis.com/firm/13229853186606213
СберБанк,"улица Дикопольцева, 29/6",Комсомольск-на-Амуре,https://2gis.com/firm/70000001082860196
СберБанк,"улица Кирова, 47",Комсомольск-на-Амуре,https://2gis.com/firm/70000001100185311
СберБанк,"проспект Мира, 13/2",Комсомольск-на-Амуре,https://2gis.com/firm/13229853186860655
СберБанк,"улица Пирогова, 22",Комсомольск-на-Амуре,https://2gis.com/firm/70000001102510914
СберБанк,"улица Аллея Труда, 57 к8",Комсомольск-на-Амуре,https://2gis.com/firm/13229853186610399
СберБанк,"Комсомольская улица, 73/2",Комсомольск-на-Амуре,https://2gis.com/firm/13229853186610366
СберБанк,"Гамарника, 23",Комсомольск-на-Амуре,https://2gis.com/firm/70000001099289006
СберБанк,"Вокзальная улица, 89",Комсомольск-на-Амуре,https://2gis.com/firm/70000001109727850
СберБанк,"улица Кирова, 56",Комсомольск-на-Амуре,https://2gis.com/firm/13229853186610448
СберБанк,"улица Павловского, 1",Комсомольск-на-Амуре,https://2gis.com/firm/70000001100083581
СберБанк,"Советская улица, 26",Комсомольск-на-Амуре,https://2gis.com/firm/70000001098556944
СберБанк,"Юбилейная улица, 4/1",Комсомольск-на-Амуре,https://2gis.com/firm/70000001099803166
СберБанк,"Базовая улица, 2а",Комсомольск-на-Амуре,https://2gis.com/firm/70000001098588370
СберБанк,"Гамарника, 37/1",Комсомольск-на-Амуре,https://2gis.com/firm/70000001098556946
СберБанк,"улица Димитрова, 14",Комсомольск-на-Амуре,https://2gis.com/firm/13229853186610431
СберБанк,"Вокзальная улица, 38",Комсомольск-на-Амуре,https://2gis.com/firm/70000001102729614
СберБанк,"проспект Победы, 25",Комсомольск-на-Амуре,https://2gis.com/firm/70000001064037086
СберБанк,"улица Ленина, 76",Комсомольск-на-Амуре,https://2gis.com/firm/70000001102584831
СберБанк,"улица Кирова, 28",Комсомольск-на-Амуре,https://2gis.com/firm/13229853186610443
СберБанк,"улица Кирова, 17/2",Комсомольск-на-Амуре,https://2gis.com/firm/70000001079019149
СберБанк,"улица Дзержинского, 46 к3",Комсомольск-на-Амуре,https://2gis.com/firm/13229853186610416
СберБанк,"улица Аллея Труда, 1",Комсомольск-на-Амуре,https://2gis.com/firm/70000001030744085
СберБанк,"Водонасосная улица, 60/2",Комсомольск-на-Амуре,https://2gis.com/firm/13229853186941801
СберБанк,"Хетагуровская улица, 12",Комсомольск-на-Амуре,https://2gis.com/firm/70000001101011201
СберБанк,"Культурная улица, 9",Комсомольск-на-Амуре,https://2gis.com/firm/70000001063420962
СберБанк,"проспект Победы, 57",Комсомольск-на-Амуре,https://2gis.com/firm/70000001105731862
СберБанк,"микрорайон Дружба, 8",Комсомольск-на-Амуре,https://2gis.com/firm/70000001082796228
СберБанк,"проспект Победы, 36/1",Комсомольск-на-Амуре,https://2gis.com/firm/13229852186379484
СберБанк,"Лазо, 3",Комсомольск-на-Амуре,https://2gis.com/firm/13229853186610476
СберБанк,"Ленинградская улица, 115/1",Комсомольск-на-Амуре,https://2gis.com/firm/70000001019925450
СберБанк,"2-й микрорайон, 16а",,https://2gis.com/firm/70000001043751736
СберБанк,"улица Набережная реки Магаданки, 5",Магадан,https://2gis.com/firm/70000001027826089
СберБанк,"проспект Карла Маркса, 63",Магадан,https://2gis.com/firm/70000001027826085
СберБанк,"улица Пушкина, 11/11",Магадан,https://2gis.com/firm/70000001027826033
СберБанк,"улица Гагарина, 38",Магадан,https://2gis.com/firm/70000001027825920
СберПервый,"улица Пушкина, 11/11",Магадан,https://2gis.com/firm/70000001082455014
СберСтрахование,"проспект Карла Маркса, 63",Магадан,https://2gis.com/firm/70000001046154957
СберСтрахование,"улица Гагарина, 38",Магадан,https://2gis.com/firm/70000001046154960
СберСпасибо,,Магадан,https://2gis.com/firm/70000001069382436
СберМобайл,,Магадан,https://2gis.com/firm/70000001101474886
СберМобайл,"улица Набережная реки Магаданки, 5",Магадан,https://2gis.com/firm/70000001101494245
СберМобайл,"улица Пушкина, 11/11",Магадан,https://2gis.com/firm/70000001101494400
СберМобайл,"улица Пушкина, 11/11",Магадан,https://2gis.com/firm/70000001101494407
СберМобайл,"улица Гагарина, 38",Магадан,https://2gis.com/firm/70000001101494546
СберМобайл,"проспект Карла Маркса, 63",Магадан,https://2gis.com/firm/70000001101494634
СберБанк,"Северный проспект, 2/1",Находка,https://2gis.com/firm/11541003326157053
СберБанк,"Находкинский проспект, 62а",Находка,https://2gis.com/firm/11541002326115537
СберБанк,"Линейная улица, 8Б",Находка,https://2gis.com/firm/11541002326115539
СберБанк,"Спортивная улица, 1",Находка,https://2gis.com/firm/11541002326115538
СберБанк,"Ленинская улица, 1",Находка,https://2gis.com/firm/70000001026179358
СберБанк,"Портовая улица, 3",Находка,https://2gis.com/firm/11541002326115541
СберПервый,"Портовая улица, 3",Находка,https://2gis.com/firm/70000001082453968
СберБанк,"улица Пирогова, 66",Находка,https://2gis.com/firm/11541002326115540
СберБанк,"Восточный проспект, 4а",Находка,https://2gis.com/firm/11541003326157049
СберБанк,"Комсомольская улица, 47а",,https://2gis.com/firm/70000001069057709
СберБанк,"Луговая улица, 20",Находка,https://2gis.com/firm/70000001044480719
СберБанк,"проспект Мира, 49",Находка,https://2gis.com/firm/11541003326218666
СберБанк,"Пограничная улица, 34",Находка,https://2gis.com/firm/11541003326154907
СберБанк,"Находкинский проспект, 1г",Находка,https://2gis.com/firm/11541003326396945
СберБанк,"Северный проспект, 2/1",Находка,https://2gis.com/firm/11541003326311116
СберБанк,"Ленинская улица, 1",Находка,https://2gis.com/firm/70000001032025194
СберБанк,"улица Свердлова, 39а",Находка,https://2gis.com/firm/70000001066075778
СберБанк,"Спортивная улица, 1",Находка,https://2gis.com/firm/70000001044528219
СберБанк,"Находкинский проспект, 36",Находка,https://2gis.com/firm/70000001103072446
СберБанк,"Находкинский проспект, 72",Находка,https://2gis.com/firm/70000001102584873
СберБанк,"Находкинский проспект, 59",Находка,https://2gis.com/firm/11541003326154679
СберБанк,"Нахимовская улица, 14а",Находка,https://2gis.com/firm/70000001017556938
СберБанк,"Находкинский проспект, 62а",Находка,https://2gis.com/firm/70000001064037389
СберБанк,"улица Малиновского, 2а",Находка,https://2gis.com/firm/70000001104898808
СберБанк,"Портовая улица, 22",Находка,https://2gis.com/firm/70000001049038598
СберБанк,"Спортивная улица, 25",Находка,https://2gis.com/firm/11541003326214192
СберБанк,"Линейная улица, 8Б",Находка,https://2gis.com/firm/11541003326154903
СберБанк,"проспект Мира, 3Б",Находка,https://2gis.com/firm/70000001035853578
СберБанк,"проспект Мира, 4",Находка,https://2gis.com/firm/11541003326154631
СберБанк,"Школьная улица, 1Б",Находка,https://2gis.com/firm/11541003326694363
СберБанк,"Рыбацкая улица, 9",Находка,https://2gis.com/firm/11541003326396946
СберБанк,"Спортивная улица, 33",Находка,https://2gis.com/firm/11541003326154917
СберБанк,"Спортивная улица, 1",Находка,https://2gis.com/firm/11541003326154915
СберБанк,"Находкинский проспект, 5",Находка,https://2gis.com/firm/70000001110760073
СберБанк,"улица Макарова, 21",Находка,https://2gis.com/firm/70000001110534882
СберБанк,"улица Сидоренко, 1 ст2",Находка,https://2gis.com/firm/70000001110842797
СберБанк,"Пограничная улица, 36в",Находка,https://2gis.com/firm/70000001110844431
СберБанк,"улица Фадеева, 1",,https://2gis.com/firm/70000001044096535
СберБанк,"улица Калинина, 1Б",,https://2gis.com/firm/70000001044096693
СберБанк,"Восточный проспект, 4а",Находка,https://2gis.com/firm/11541003326622102
СберБанк,"Центральная улица, 5",,https://2gis.com/firm/70000001050385241
СберБанк,"улица Пушкина, 1",,https://2gis.com/firm/70000001044096303
СберБанк,"Заводская улица, 4",,https://2gis.com/firm/70000001030194681
СберБанк,"улица Мациенко, 3",,https://2gis.com/firm/70000001030194670
СберБанк,"улица Лукашевского, 2",Петропавловск-Камчатский,https://2gis.com/firm/13370589674734578
СберБанк,"улица Тушканова, 35",Петропавловск-Камчатский,https://2gis.com/firm/13370589674734581
СберБанк,"Космический проезд, 3 блок А",Петропавловск-Камчатский,https://2gis.com/firm/13370589674734579
СберБанк,"проспект Победы, 12",Петропавловск-Камчатский,https://2gis.com/firm/70000001006432057
СберБанк,"Океанская улица, 121/2",Петропавловск-Камчатский,https://2gis.com/firm/70000001006432008
СберПервый,"Набережная улица, 30",Петропавловск-Камчатский,https://2gis.com/firm/70000001069346611
СберБанк,"Ленинградская улица, 104",Петропавловск-Камчатский,https://2gis.com/firm/70000001006431573
СберБанк,"улица Ларина, 3/1",Петропавловск-Камчатский,https://2gis.com/firm/70000001006431660
СберБанк,"улица Нахимова, 22",Вилючинск,https://2gis.com/firm/70000001006431763
СберБанк,"Беринга, 25",Елизово,https://2gis.com/firm/70000001006431687
СберБанк,"Мира, 7Б",Вилючинск,https://2gis.com/firm/70000001006431740
СберБанк,"улица Лукашевского, 2",Петропавловск-Камчатский,https://2gis.com/firm/70000001006926103
СберБанк,"улица Ларина, 7/1",Петропавловск-Камчатский,https://2gis.com/firm/70000001006429222
СберБанк,"Набережная улица, 30",Петропавловск-Камчатский,https://2gis.com/firm/70000001006926110
СберБанк,"проспект 50 лет Октября, 16",Петропавловск-Камчатский,https://2gis.com/firm/70000001020026708
СберБанк,"Пограничная улица, 2/2",Петропавловск-Камчатский,https://2gis.com/firm/70000001018038955
СберБанк,"Космический проезд, 3 блок А",Петропавловск-Камчатский,https://2gis.com/firm/70000001006429125
СберБанк,"Кавказская улица, 49",Петропавловск-Камчатский,https://2gis.com/firm/70000001052120725
СберБанк,"улица Тушканова, 35",Петропавловск-Камчатский,https://2gis.com/firm/70000001006429493
СберБанк,"бульвар Рыбацкой Славы, 4",Петропавловск-Камчатский,https://2gis.com/firm/70000001022563479
СберБанк,"Вулканная улица, 59",Петропавловск-Камчатский,https://2gis.com/firm/70000001082524305
СберБанк,"улица Академика Королёва, 45/3",Петропавловск-Камчатский,https://2gis.com/firm/70000001048924305
СберБанк,"Виталия Кручины, 2а",Петропавловск-Камчатский,https://2gis.com/firm/70000001110364162
СберБанк,"Звёздная улица, 21/1",Петропавловск-Камчатский,https://2gis.com/firm/70000001102943022
СберБанк,"улица Лукашевского, 27",Петропавловск-Камчатский,https://2gis.com/firm/70000001006429233
СберБанк,"проспект Победы, 12",Петропавловск-Камчатский,https://2gis.com/firm/70000001006985964
СберБанк,"Пограничная улица, 13",Петропавловск-Камчатский,https://2gis.com/firm/70000001006429459
СберБанк,"проспект 50 лет Октября, 15а",Петропавловск-Камчатский,https://2gis.com/firm/70000001033800195
СберБанк,"Северо-Восточное шоссе, 6",Петропавловск-Камчатский,https://2gis.com/firm/70000001046687262
СберБанк,"Океанская улица, 121/2",Петропавловск-Камчатский,https://2gis.com/firm/70000001006429388
СберБанк,"Ленинградская улица, 27",Петропавловск-Камчатский,https://2gis.com/firm/70000001006985954
СберБанк,"проспект Карла Маркса, 23",Петропавловск-Камчатский,https://2gis.com/firm/70000001044904454
СберБанк,"проспект Циолковского, 25",Петропавловск-Камчатский,https://2gis.com/firm/70000001036149572
СберБанк,"улица Абеля, 10/1",Петропавловск-Камчатский,https://2gis.com/firm/70000001033457614
СберБанк,"проспект Победы, 67",Петропавловск-Камчатский,https://2gis.com/firm/70000001069543878
СберБанк,"Восточное шоссе, 1",Петропавловск-Камчатский,https://2gis.com/firm/70000001104766042
СберБанк,"Мишенная улица, 120",Петропавловск-Камчатский,https://2gis.com/firm/70000001006429240
СберБанк,"Океанская улица, 69/1",Петропавловск-Камчатский,https://2gis.com/firm/70000001006429419
СберБанк,"улица Топоркова, 8",Петропавловск-Камчатский,https://2gis.com/firm/70000001110421189
СберБанк,"Гастелло, 11/2",Петропавловск-Камчатский,https://2gis.com/firm/70000001110421139
СберБанк,"Восточное шоссе, 1",Петропавловск-Камчатский,https://2gis.com/firm/70000001104571866
СберБанк,"проспект Содружества, 12",Петропавловск-Камчатский,https://2gis.com/firm/70000001110534888
СберБанк,"Петропавловское шоссе, 19",Петропавловск-Камчатский,https://2gis.com/firm/70000001109704170
СберБанк,"проспект Победы, 22",Петропавловск-Камчатский,https://2gis.com/firm/70000001006430541
СберБанк,"Сахалинская улица, 2/а",Петропавловск-Камчатский,https://2gis.com/firm/70000001080718583
СберБанк,"Степная улица, 50",Петропавловск-Камчатский,https://2gis.com/firm/70000001021707616
СберБанк,"улица Ленина, 33",Хабаровск,https://2gis.com/firm/4926340373618643
СберБанк,"улица Серышева, 42",Хабаровск,https://2gis.com/firm/4926340373422603
СберБанк,"улица Льва Толстого, 15",Хабаровск,https://2gis.com/firm/4926340373423329
СберБанк,"Ленинградская улица, 28в",Хабаровск,https://2gis.com/firm/70000001028745288
СберБанк,"улица Гамарника, 12",Хабаровск,https://2gis.com/firm/4926340373472403
СберБанк,"улица Краснореченская, 209",Хабаровск,https://2gis.com/firm/4926341373858651
СберБанк,"улица Вахова А.А., 2",Хабаровск,https://2gis.com/firm/70000001007285642
СберБанк,"Тихоокеанская улица, 191а",Хабаровск,https://2gis.com/firm/4926340373422608
СберБанк,"улица Карла Маркса, 115",Хабаровск,https://2gis.com/firm/70000001034636397
СберБанк,"Большая улица, 7",Хабаровск,https://2gis.com/firm/4926340373465627
СберБанк,"улица Пушкина, 54",Хабаровск,https://2gis.com/firm/4926340373649492
СберБанк,"Большая улица, 118",Хабаровск,https://2gis.com/firm/70000001007285635
СберБанк,"квартал ДОС, 51",Хабаровск,https://2gis.com/firm/70000001032856825
СберПервый,"улица Калинина, 92",Хабаровск,https://2gis.com/firm/70000001069931423
СберБанк,"проспект 60-летия Октября, 90",Хабаровск,https://2gis.com/firm/4926340373422640
СберПервый,"улица Дикопольцева, 26а",Хабаровск,https://2gis.com/firm/70000001082456700
СберБанк,"Ленинградская улица, 81",Хабаровск,https://2gis.com/firm/4926340373465632
СберБанк,"улица Краснореченская, 44",Хабаровск,https://2gis.com/firm/70000001024958485
СберБанк,"Зелёная улица, 3",,https://2gis.com/firm/4926340373495196
СберБанк,"улица Воровского, 21",Хабаровск,https://2gis.com/firm/70000001049115958
СберБанк,"квартал 70 лет Октября, 5",Хабаровск,https://2gis.com/firm/4926340373465635
СберБанк,"улица Руднева, 56",Хабаровск,https://2gis.com/firm/4926340373423280
СберБанк,"улица Панфиловцев, 14Б",Хабаровск,https://2gis.com/firm/4926340373423286
СберБанк,"улица Ворошилова, 35Б",Хабаровск,https://2gis.com/firm/4926340373465628
СберБанк,"улица Краснореченская, 157",Хабаровск,https://2gis.com/firm/4926340373465631
СберБанк,"Автобусная улица, 2",Хабаровск,https://2gis.com/firm/4926340373422604
СберБанк,"улица Островского, 14",,https://2gis.com/firm/70000001043746346
СберБанк,"Комсомольская улица, 10",,https://2gis.com/firm/70000001030195560
СберБанк,"Центральная улица, 1",,https://2gis.com/firm/70000001043751910
СберБанк,"Советская улица, 43",,https://2gis.com/firm/70000001030195331
СберБанк,"территория Военный Гарнизон, 1",,https://2gis.com/firm/70000001030193347
СберБанк,"улица Геологов, 11",,https://2gis.com/firm/70000001030193470
СберБанк,"улица Кирова, 6",,https://2gis.com/firm/70000001030195548
СберБанк,"улица Постышева, 9",,https://2gis.com/firm/70000001030193538
СберБанк,"Пожарный переулок, 7",,https://2gis.com/firm/70000001030193550
СберБанк,"Амурская улица, 61",Южно-Сахалинск,https://2gis.com/firm/12385428256369116
СберБанк,"проспект Мира, 420",Южно-Сахалинск,https://2gis.com/firm/12385428256490992
СберБанк,"улица Комсомольская, 195а",Южно-Сахалинск,https://2gis.com/firm/12385428256369135
СберБанк,"Сахалинская улица, 68",Южно-Сахалинск,https://2gis.com/firm/70000001006490414
СберБанк,"Украинская улица, 113Б",Южно-Сахалинск,https://2gis.com/firm/12385428256369141
СберПервый,"проспект Мира, 149",Южно-Сахалинск,https://2gis.com/firm/70000001069931340
СберБанк,"Коммунистическая улица, 16",,https://2gis.com/firm/12385428256652663
СберБанк,"улица Ленина, 41",Анива,https://2gis.com/firm/12385428256369328
СберБанк,"улица Советская, 24",Корсаков,https://2gis.com/firm/12385428256369333
СберБанк,"улица Комсомольская, 39а",Долинск,https://2gis.com/firm/12385428256763194
Сбер,,Южно-Сахалинск,https://2gis.com/firm/70000001063609850
СберБанк,"Амурская улица, 61",Южно-Сахалинск,https://2gis.com/firm/12385428256369192
СберБанк,"Шахтёрская улица, 5",,https://2gis.com/firm/12385428256686519
СберБанк,"улица Комсомольская, 195а",Южно-Сахалинск,https://2gis.com/firm/12385428256369367
СберБанк,"улица Ленина, 219",Южно-Сахалинск,https://2gis.com/firm/70000001068378902
СберБанк,"Хабаровская улица, 51",Южно-Сахалинск,https://2gis.com/firm/12385428256369404
СберБанк,"проспект Мира, 192/1",Южно-Сахалинск,https://2gis.com/firm/70000001037504343
СберБанк,"улица Комсомольская, 259в",Южно-Сахалинск,https://2gis.com/firm/70000001101186360
СберБанк,"улица Комсомольская, 249",Южно-Сахалинск,https://2gis.com/firm/70000001081998036
СберБанк,"проспект Мира, 420",Южно-Сахалинск,https://2gis.com/firm/70000001007420737
СберБанк,"Бумажная улица, 14",Южно-Сахалинск,https://2gis.com/firm/70000001103194333
СберБанк,"Украинская улица, 113Б",Южно-Сахалинск,https://2gis.com/firm/12385428256369401
СберБанк,"улица им. П.А. Леонова, 38",Южно-Сахалинск,https://2gis.com/firm/70000001092063525
СберБанк,"улица Есенина, 11а",Южно-Сахалинск,https://2gis.com/firm/70000001076128625
СберБанк,"Детская улица, 4",Южно-Сахалинск,https://2gis.com/firm/12385428256556191
СберБанк,"Сахалинская улица, 68",Южно-Сахалинск,https://2gis.com/firm/12385428256586897
СберБанк,"улица Дзержинского, 37",Южно-Сахалинск,https://2gis.com/firm/70000001059650264
СберБанк,"улица Емельянова, 31а",Южно-Сахалинск,https://2gis.com/firm/70000001023879414
СберБанк,"Украинская улица, 14а",Южно-Сахалинск,https://2gis.com/firm/70000001018949852
СберБанк,"улица Алексея Горького, 32",Южно-Сахалинск,https://2gis.com/firm/70000001102709454
СберБанк,"Пограничная улица, 57в",Южно-Сахалинск,https://2gis.com/firm/70000001045123642
СберБанк,"2-я Железнодорожная улица, 43а",Южно-Сахалинск,https://2gis.com/firm/70000001110364172
СберБанк,"проспект Мира, 49",Южно-Сахалинск,https://2gis.com/firm/70000001047640158
СберБанк,"улица Комсомольская, 295",Южно-Сахалинск,https://2gis.com/firm/70000001023203211
СберБанк,"улица Ленина, 335",Южно-Сахалинск,https://2gis.com/firm/70000001106054468
СберБанк,"улица Комсомольская, 163",Южно-Сахалинск,https://2gis.com/firm/70000001023203060
СберБанк,"Сахалинская улица, 202",Южно-Сахалинск,https://2gis.com/firm/70000001023202611
СберБанк,"бульвар Фёдора Анкудинова, 1а",Южно-Сахалинск,https://2gis.com/firm/70000001023201914
СберБанк,"улица Ленина, 441а/1",Южно-Сахалинск,https://2gis.com/firm/70000001023204776
СберБанк,"улица Дружбы, 1/1",Южно-Сахалинск,https://2gis.com/firm/12385428256592121
СберБанк,"улица Емельянова, 14",Южно-Сахалинск,https://2gis.com/firm/70000001075147067
СберБанк,"улица им. Космонавта Поповича, 65",Южно-Сахалинск,https://2gis.com/firm/12385428256369360
СберБанк,,Южно-Сахалинск,https://2gis.com/firm/70000001084358726
СберБанк,"улица Крайняя, 30 к2",Южно-Сахалинск,https://2gis.com/firm/70000001104905713
СберБанк,"Сахалинская улица, 89",Южно-Сахалинск,https://2gis.com/firm/70000001038161998
СберБанк,"Крымская улица, 1",Южно-Сахалинск,https://2gis.com/firm/70000001062839998
СберБанк,"улица им. И.П. Фархутдинова, 3",Южно-Сахалинск,https://2gis.com/firm/70000001046952001
СберБанк,"улица Крюкова, 83",Южно-Сахалинск,https://2gis.com/firm/70000001023203225
СберБанк,"улица Ленина, 252Б",Южно-Сахалинск,https://2gis.com/firm/70000001028002955
СберБанк,"Коммунистический проспект, 32",Южно-Сахалинск,https://2gis.com/firm/12385428256786785
СберБанк,"проспект Мира, 280в",Южно-Сахалинск,https://2gis.com/firm/70000001082524306
СберБанк,"Холмская улица, 45",Южно-Сахалинск,https://2gis.com/firm/70000001104890316
СберБанк,"Холмское шоссе, 5/6",Южно-Сахалинск,https://2gis.com/firm/70000001100978508
СберБанк,"улица Емельянова, 36",Южно-Сахалинск,https://2gis.com/firm/12385428256369215
СберБанк,"проспект Мира, 430 ст1",Южно-Сахалинск,https://2gis.com/firm/70000001105208634
СберБанк,"Авиационная улица, 2",Южно-Сахалинск,https://2gis.com/firm/70000001023202862
СберБанк,"улица Ленина, 213",Южно-Сахалинск,https://2gis.com/firm/70000001104909297
СберБанк,"Сахалинская улица, 69",Южно-Сахалинск,https://2gis.com/firm/12385428256369399
СберБанк,"улица Есенина, 1/1",Южно-Сахалинск,https://2gis.com/firm/12385428256369351
СберБанк,"Еланский проезд, 29",Южно-Сахалинск,https://2gis.com/firm/70000001100597960
СберБанк,"Железнодорожная улица, 168/2",Южно-Сахалинск,https://2gis.com/firm/70000001043145099
СберБанк,"Анивская улица, 67",Южно-Сахалинск,https://2gis.com/firm/70000001110337985
СберБанк,"Пограничная улица, 55",Южно-Сахалинск,https://2gis.com/firm/12385428256369394
СберБанк,"проспект Мира, 229",Южно-Сахалинск,https://2gis.com/firm/70000001084433748
СберБанк,"Сахалинская улица, 89",Южно-Сахалинск,https://2gis.com/firm/70000001038161990
СберБанк,,Южно-Сахалинск,https://2gis.com/firm/70000001048951670
СберБанк,"Советская улица, 76",Холмск,https://2gis.com/firm/70000001032713740
СберБанк,"Больничная улица, 2 к1",Южно-Сахалинск,https://2gis.com/firm/70000001089438394
СберБанк,"улица Комсомольская, 247Б",Южно-Сахалинск,https://2gis.com/firm/70000001036836943
СберБанк,"улица Комсомольская, 241/1",Южно-Сахалинск,https://2gis.com/firm/70000001018227190
СберБанк,"Центральная улица, 17а",,https://2gis.com/firm/70000001103576863
СберБанк,"2-я Центральная улица, 1Б",Южно-Сахалинск,https://2gis.com/firm/70000001024316291
СберБанк,"улица им. И.П. Фархутдинова, 3",Южно-Сахалинск,https://2gis.com/firm/70000001110665382
СберБанк,"2-я Центральная улица, 1Б",Южно-Сахалинск,https://2gis.com/firm/12385428256369137
СберБанк,"улица Ивана Куропатко, 25",Южно-Сахалинск,https://2gis.com/firm/70000001079137547
СберБанк,"улица Летняя, 5а",,https://2gis.com/firm/70000001080342185
СберБанк,"проспект Мира, 486а",Южно-Сахалинск,https://2gis.com/firm/70000001086876829
СберБанк,"Клубный переулок, 2а",,https://2gis.com/firm/70000001043753619
СберБанк,"Железнодорожный переулок, 15а",Южно-Сахалинск,https://2gis.com/firm/70000001007420530
СберБанк,"улица Ленина, 3",Невельск,https://2gis.com/firm/70000001032598897
СберБанк,"улица Ленина, 53",,https://2gis.com/firm/70000001043753652
СберБанк,"переулок 1-й Дачный, 1",,https://2gis.com/firm/70000001030194342
СберБанк,"проспект Победы, 21",Амурск,https://2gis.com/firm/70000001109704181
СберБанк,"Октябрьский проспект, 18",Амурск,https://2gis.com/firm/70000001103474225
СберБанк,"проспект Строителей, 56",Амурск,https://2gis.com/firm/70000001110421155
СберБанк,"проспект Мира, 36а",Амурск,https://2gis.com/firm/70000001098556949
СберБанк,"Комсомольский проспект, 79",Амурск,https://2gis.com/firm/13229853186606168
СберБанк,"Пионерская улица, 15Б",Амурск,https://2gis.com/firm/70000001110471600
СберБанк,"Комсомольский проспект, 6",Амурск,https://2gis.com/firm/70000001023289725
СберСтрахование,"проспект Победы, 21",Амурск,https://2gis.com/firm/70000001109591171
Негосударственный пенсионный фонд Сбербанка,"проспект Победы, 21",Амурск,https://2gis.com/firm/70000001109591071
СберБанк,"улица Ленина, 56",Уссурийск,https://2gis.com/firm/11681739814470373
СберБанк,"Октябрьская улица, 56",Уссурийск,https://2gis.com/firm/11681739814471313
СберБанк,"улица Горького, 47",Уссурийск,https://2gis.com/firm/11681740814511523
СберБанк,"улица Пушкина, 152",Уссурийск,https://2gis.com/firm/11681740814511529
СберБанк,"Советская улица, 70",,https://2gis.com/firm/11681740814574142
СберБанк,"улица Ленина, 3в",,https://2gis.com/firm/70000001033606661
СберБанк,"Красноармейская улица, 25",,https://2gis.com/firm/11681740814570076
СберБанк,"улица Ленина, 56",Уссурийск,https://2gis.com/firm/70000001029239603
СберБанк,"улица Горького, 47",Уссурийск,https://2gis.com/firm/11681740814510868
СберБанк,"Октябрьская улица, 56",Уссурийск,https://2gis.com/firm/70000001059438871
СберБанк,"Вокзальная улица, 2",Уссурийск,https://2gis.com/firm/70000001023685925
СберБанк,"улица Некрасова, 254",Уссурийск,https://2gis.com/firm/70000001066933491
СберБанк,"улица Пушкина, 152",Уссурийск,https://2gis.com/firm/11681740815038929
СберБанк,"улица Некрасова, 86",Уссурийск,https://2gis.com/firm/11681740814510895
СберБанк,"Русская улица, 5а",Уссурийск,https://2gis.com/firm/70000001109518772
СберБанк,"улица Некрасова, 115а",Уссурийск,https://2gis.com/firm/11681740814510879
СберБанк,"Пролетарская улица, 3",Уссурийск,https://2gis.com/firm/70000001006789964
СберБанк,"Краснознамённая улица, 224а",Уссурийск,https://2gis.com/firm/11681740814685548
СберБанк,"Советская улица, 54",Уссурийск,https://2gis.com/firm/70000001006789917
СберБанк,"улица Стаханова, 30 ст2",Уссурийск,https://2gis.com/firm/11681740814510947
СберБанк,"Новоникольское шоссе, 11 ст1",Уссурийск,https://2gis.com/firm/70000001083482701
СберБанк,"Владивостокское шоссе, 107а",Уссурийск,https://2gis.com/firm/70000001022969638
СберБанк,"улица Дзержинского, 93Б",Уссурийск,https://2gis.com/firm/11681740814510852
СберБанк,"Комсомольская улица, 82",Уссурийск,https://2gis.com/firm/70000001077000896
СберБанк,"улица Чичерина, 137",Уссурийск,https://2gis.com/firm/70000001032786783
СберБанк,"Лимичёвская улица, 21 ст2",Уссурийск,https://2gis.com/firm/70000001080970406
СберБанк,"улица Горького, 47",Уссурийск,https://2gis.com/firm/70000001105749932
СберБанк,"улица Агеева, 56Б",Уссурийск,https://2gis.com/firm/70000001021915813
СберБанк,"улица Некрасова, 272",Уссурийск,https://2gis.com/firm/70000001104905721
СберБанк,"Октябрьская улица, 56",Уссурийск,https://2gis.com/firm/70000001029275871
СберБанк,"улица Александра Францева, 2а",Уссурийск,https://2gis.com/firm/11681740815043719
СберБанк,"Муданьцзянская улица, 7",Уссурийск,https://2gis.com/firm/11681740814510875
СберБанк,"Амурская улица, 71 ст3",Уссурийск,https://2gis.com/firm/70000001023312315
СберБанк,"Советская улица, 14",,https://2gis.com/firm/70000001030193414
СберБанк,"Краснознамённая улица, 135а",Уссурийск,https://2gis.com/firm/70000001098344104
СберБанк,"улица Чичерина, 105",Уссурийск,https://2gis.com/firm/11681740814510904
СберБанк,"Раковская улица, 4",Уссурийск,https://2gis.com/firm/70000001081668637
СберБанк,"улица Карбышева, 28",Уссурийск,https://2gis.com/firm/70000001006789933
СберБанк,"Общественная улица, 97",Уссурийск,https://2gis.com/firm/70000001101380633
СберБанк,"улица Арсеньева, 25",Уссурийск,https://2gis.com/firm/70000001105817254
СберБанк,"улица Андрея Кушнира, 2а",Уссурийск,https://2gis.com/firm/70000001066654085
СберБанк,"проспект Блюхера, 15",Уссурийск,https://2gis.com/firm/70000001063206608
СберБанк,"улица Воровского, 91 ст2",Уссурийск,https://2gis.com/firm/70000001101408775
СберБанк,"Кузнечная улица, 14",Уссурийск,https://2gis.com/firm/11681740814730604
СберБанк,"улица Суханова, 52",Уссурийск,https://2gis.com/firm/11681740814566253
СберБанк,"улица 50 лет ВЛКСМ, 33",,https://2gis.com/firm/70000001030195377
СберБанк,"Комсомольская улица, 121",Уссурийск,https://2gis.com/firm/70000001099831631
СберБанк,"улица Володарского, 99",Уссурийск,https://2gis.com/firm/70000001110835481
СберБанк,"улица Чичерина, 106",Уссурийск,https://2gis.com/firm/70000001110838373
СберБанк,"Советская улица, 68",,https://2gis.com/firm/70000001021319303
СберБанк,"Заречная улица, 4а",,https://2gis.com/firm/70000001066632865
СберБанк,"Почтовая улица, 39",,https://2gis.com/firm/70000001057189652
СберБанк,"Октябрьская улица, 19",,https://2gis.com/firm/70000001030194533
СберБанк,"улица Матросова, 3",,https://2gis.com/firm/70000001030195320
СберБанк,"Красноармейская улица, 12",,https://2gis.com/firm/70000001030194375
СберБанк,"улица Стрельникова, вл20 ст3",,https://2gis.com/firm/70000001090584418
СберБанк,"Ленинская улица, 86",,https://2gis.com/firm/70000001045693306
СберБанк,"улица Советская, 24",Корсаков,https://2gis.com/firm/12385428256369433
СберБанк,"Окружная улица, 56",Корсаков,https://2gis.com/firm/70000001098344049
СберБанк,"Нагорная улица, 9а",Корсаков,https://2gis.com/firm/12385428256369425
СберБанк,"Комсомольская улица, 6",Корсаков,https://2gis.com/firm/70000001028440337
СберБанк,"переулок Ильичёва, 1",Корсаков,https://2gis.com/firm/70000001104961478
СберБанк,"Приморский бульвар, 14",Корсаков,https://2gis.com/firm/70000001033935892
СберБанк,"Портовая улица, 10",Корсаков,https://2gis.com/firm/12385428256369430
СберСтрахование,"улица Советская, 24",Корсаков,https://2gis.com/firm/70000001046160605
СберМобайл,"Окружная улица, 56",Корсаков,https://2gis.com/firm/70000001101471859
СберМобайл,"улица Советская, 24",Корсаков,https://2gis.com/firm/70000001101472254
СберБанк,"Советская улица, 76",Холмск,https://2gis.com/firm/70000001037723509
СберБанк,"улица Крузенштерна, 13",Холмск,https://2gis.com/firm/70000001039094756
СберБанк,"площадь Ленина, 9",Холмск,https://2gis.com/firm/70000001032732432
СберБанк,"Советская улица, 95",Холмск,https://2gis.com/firm/70000001032694567
СберЛогистика,"Советская улица, 76",Холмск,https://2gis.com/firm/70000001083843304
СберМобайл,"Советская улица, 76",Холмск,https://2gis.com/firm/70000001101472197
Негосударственный пенсионный фонд Сбербанка,"Советская улица, 76",Холмск,https://2gis.com/firm/70000001103363711
Сберлогистика,"Кузнечная улица, 11а",Облучье,https://2gis.com/firm/70000001079079633
СберБанк,"улица 1-я Вокзальная, 16",Белогорск,https://2gis.com/firm/70000001065048388
СберБанк,"улица Ленина, 30",Белогорск,https://2gis.com/firm/70000001046275238
СберБанк,"улица Ленина, 55",Белогорск,https://2gis.com/firm/70000001048924607
СберБанк,"улица 50 лет Комсомола, 14",Белогорск,https://2gis.com/firm/70000001048924488
СберБанк,"улица Кирова, 180",Белогорск,https://2gis.com/firm/70000001049118321
СберБанк,"улица Кирова, 129а",Белогорск,https://2gis.com/firm/70000001087766267
СберБанк,"Никольское шоссе, 38",Белогорск,https://2gis.com/firm/70000001046671236
СберБанк,"улица Кирова, 253а",Белогорск,https://2gis.com/firm/70000001048951206
СберБанк,"Производственная улица, 18",Белогорск,https://2gis.com/firm/70000001052626719
СберБанк,"улица Кирова, 306/2",Белогорск,https://2gis.com/firm/70000001093560897
СберБанк,"улица 9 мая, 210",Белогорск,https://2gis.com/firm/70000001048951310
СберБанк,"улица Гагарина, 23",,https://2gis.com/firm/70000001030194331
СберСтрахование,"улица Ленина, 55",Белогорск,https://2gis.com/firm/70000001046152299
СберМобайл,"улица Ленина, 55",Белогорск,https://2gis.com/firm/70000001101469114
СберЛогистика,"улица Ленина, 55",Белогорск,https://2gis.com/firm/70000001083601304
СберБанк,"Набережная улица, 164",Белогорск,https://2gis.com/firm/70000001083530459
СберБанк,"Комсомольская улица, 1а",,https://2gis.com/firm/70000001030194072
СберБанк,"улица Ленина, 79",Свободный,https://2gis.com/firm/70000001035861170
СберБанк,"улица Ленина, 70/1",Свободный,https://2gis.com/firm/70000001109818956
СберБанк,"улица Ленина, 104",Свободный,https://2gis.com/firm/70000001041421006
СберБанк,"улица Ленина, 48",Свободный,https://2gis.com/firm/70000001035860677
СберБанк,"Интернациональная улица, 3",Свободный,https://2gis.com/firm/70000001101269257
СберБанк,"Литвиновская улица, 1",Свободный,https://2gis.com/firm/70000001102585056
СберБанк,"улица Новый Быт, 70",Свободный,https://2gis.com/firm/70000001035862078
СберБанк,"улица Чубаровых, 47/1",Свободный,https://2gis.com/firm/70000001102585059
СберБанк,"Октябрьская улица, 15",Свободный,https://2gis.com/firm/70000001101658309
СберБанк,"улица Комарова, 25",Свободный,https://2gis.com/firm/70000001035860021
СберСтрахование,"улица Ленина, 79",Свободный,https://2gis.com/firm/70000001046152327
СберМобайл,"улица Ленина, 79",Свободный,https://2gis.com/firm/70000001101469099
СберЛогистика,"улица Ленина, 79",Свободный,https://2gis.com/firm/70000001083722608
СберБанк,"Отке, 17",Анадырь,https://2gis.com/firm/70000001040709440
СберБанк,"Первомайская улица, 5",,https://2gis.com/firm/70000001030194286
СберБанк,"Тевлянто, 9",Анадырь,https://2gis.com/firm/70000001040774492
СберБанк,"Отке, 17",Анадырь,https://2gis.com/firm/70000001064022226
СберБанк,"Отке, 19",Анадырь,https://2gis.com/firm/70000001026775107
СберБанк,"улица Рультытегина, 35а",Анадырь,https://2gis.com/firm/70000001064037238
СберБанк,"улица Ленина, 1",Анадырь,https://2gis.com/firm/70000001065120167
СберСтрахование,"Отке, 17",Анадырь,https://2gis.com/firm/70000001045733027
СберБанк,"Восточный микрорайон, 1/4",Билибино,https://2gis.com/firm/70000001030192092
СберБанк,"Приисковая улица, 12",Билибино,https://2gis.com/firm/70000001044502147
СберБанк,"Комсомольская улица, 3",Билибино,https://2gis.com/firm/70000001044666941
СберБанк,"Восточный микрорайон, 1/4",Билибино,https://2gis.com/firm/70000001044744890
СберБанк,"Беринга, 25",Елизово,https://2gis.com/firm/70000001006429854
СберБанк,"Виталия Кручины, 20",Елизово,https://2gis.com/firm/70000001067838532
СберБанк,"Почтовый переулок, 3",Елизово,https://2gis.com/firm/70000001006429802
СберБанк,"улица Ленина, 30",Елизово,https://2gis.com/firm/70000001110542735
СберБанк,"Завойко, 108",Елизово,https://2gis.com/firm/70000001020026236
СберБанк,"Виталия Кручины, 36/2",Елизово,https://2gis.com/firm/70000001045530173
СберБанк,"улица Ватутина, 7",Елизово,https://2gis.com/firm/70000001100709404
СберСтрахование,"Беринга, 25",Елизово,https://2gis.com/firm/70000001046158220
СберМобайл,"Беринга, 25",Елизово,https://2gis.com/firm/70000001101471025
СберБанк,"улица Крашенинникова, 30а",Вилючинск,https://2gis.com/firm/70000001064279527
СберБанк,"улица Нахимова, 33",Вилючинск,https://2gis.com/firm/70000001006927162
СберБанк,"улица Нахимова, 22",Вилючинск,https://2gis.com/firm/70000001051598613
СберМобайл,"улица Нахимова, 22",Вилючинск,https://2gis.com/firm/70000001101471394
СберБанк,"Мира, 7Б",Вилючинск,https://2gis.com/firm/70000001020026018
СберБанк,"Центральный микрорайон, 25",Вилючинск,https://2gis.com/firm/70000001041131667
СберБанк,"Мира, 15",Вилючинск,https://2gis.com/firm/70000001006927088
СберСтрахование,"Мира, 7Б",Вилючинск,https://2gis.com/firm/70000001046158216
СберБанк,"улица Билибина, 3",Сусуман,https://2gis.com/firm/70000001030194260
